STT,Chu de,Chi nhanh,Cau hoi,A,B,C,D,Dap an,Giai thich
1,"Nghỉ dưỡng Quận 2 — T7,T8/2026",Q2,"Giá vé ưu đãi dành riêng cho khách hàng nữ tại Quận 2 (T7,T8/2026) là bao nhiêu?",210k,150k,139k,125k,B,"Ưu đãi khách hàng nữ: 150k, áp dụng 09:00–12:00 và 16:00–21:00, T2–T6."
2,"Nghỉ dưỡng Quận 2 — T7,T8/2026",Q2,Khung giờ nào KHÔNG thuộc ưu đãi khách hàng nữ 150k?,Cả 09:00–12:00 và 16:00–21:00 đều thuộc,12:00–16:00,09:00–12:00,16:00–21:00,B,Ưu đãi nữ chỉ có 2 ca: 09:00–12:00 và 16:00–21:00. Khoảng 12:00–16:00 không nằm trong ưu đãi.
3,"Nghỉ dưỡng Quận 2 — T7,T8/2026",Q2,"Ưu đãi tối (21:00–24:00) tại Quận 2 kỳ T7,T8/2026 có giá bao nhiêu và áp dụng ngày nào?","170k, T2–CN","139k, chỉ T2–T6","110k, T2–CN","139k, T2–CN",D,"Ưu đãi tối 139k, 21:00–24:00, áp dụng cả tuần T2–CN. (Kỳ T5,T6 trước đó là 110k.)"
4,"Nghỉ dưỡng Quận 2 — T7,T8/2026",Q2,Ưu đãi cuối tuần 210k áp dụng vào những khung giờ nào?,Cả ngày 09:00–24:00,09:00–10:30 và 16:00–20:00,09:00–11:00 và 12:00–24:00,Chỉ 09:00–10:30,B,Ưu đãi cuối tuần (T7–CN) 210k có 2 ca: 09:00–10:30 và 16:00–20:00.
5,"Nghỉ dưỡng Quận 2 — T7,T8/2026",Q2,"Điều kiện mạng xã hội của ưu đãi HSSV kỳ T7,T8/2026 là gì?",Bắt buộc cả Follow TikTok VÀ Like + Share Facebook,Không yêu cầu,Chỉ cần review Google Maps,Follow TikTok Golden Lotus HOẶC Like + Share Facebook,D,"Từ kỳ T7,T8/2026 là 'HOẶC' — chỉ cần một trong hai. Lưu ý kỳ T5,T6 trước đó ghi 'VÀ'."
6,"Nghỉ dưỡng Quận 2 — T7,T8/2026",Q2,"Một sinh viên đi MỘT MÌNH, có thẻ sinh viên hợp lệ, đến lúc 19:00. Có được mua vé HSSV 125k không?",Chỉ được nếu mua kèm combo tại Golden Kitchen,Không — ưu đãi HSSV luôn bắt buộc nhóm từ 2 HSSV trở lên,"Được, nhưng phải trả thêm 20k vì đi một mình",Được — ca chiều/tối 12:00–24:00 áp dụng cho cả khách đi một mình,D,Điều kiện nhóm từ 2 HSSV trở lên CHỈ áp dụng cho ca sáng 09:00–11:00. Ca chiều/tối 12:00–24:00 thì 1 người vẫn được áp dụng.
7,"Nghỉ dưỡng Quận 2 — T7,T8/2026",Q2,"Học sinh 16 tuổi mặc đồng phục trường đến check-in, không mang thẻ học sinh. Cần thêm giấy tờ gì?",Sổ hộ khẩu,Giấy khai sinh,CCCD (bắt buộc với khách dưới 18 tuổi),Không cần gì thêm,C,Học sinh: thẻ học sinh HOẶC đồng phục trường + CCCD nếu dưới 18 tuổi.
8,"Nghỉ dưỡng Quận 2 — T7,T8/2026",Q2,Combo 'Nghỉ dưỡng + Skin care' cho NAM & NỮ giá 235k áp dụng khung giờ nào?,"12:00–17:00, T2–T6","Sau 20:00, T2–CN","Sau 19:00, T2–T6","09:00–22:00, T7–CN",B,"Combo Nam & Nữ 235k áp dụng sau 20:00, cả tuần T2–CN, booking trước qua hotline."
9,"Nghỉ dưỡng Quận 2 — T7,T8/2026",Q2,Combo nghỉ dưỡng + Honey skin care cho Nữ giá 455k áp dụng vào ngày nào?,"T2–CN, sau 20:00","T2–T6, 12:00–17:00",Chỉ ngày lễ,"T7–CN, 09:00–22:00",D,"Combo 455k áp dụng T7–CN, khung 09:00–22:00."
10,"Nghỉ dưỡng Quận 2 — T7,T8/2026",Q2,Tất cả các combo nghỉ dưỡng + care tại Q2 đều yêu cầu điều kiện gì?,Review Google Maps,Booking trước qua hotline,Đi nhóm từ 2 người,Có thẻ Beauty Passport,B,Cột điều kiện của nhóm COMBO ghi: Booking trước qua hotline.
11,"Nghỉ dưỡng Quận 2 — T7,T8/2026",Q2,Happy Hour Sáng tại Quận 2 có giá và lưu ý gì?,"170k, 09:00–11:00, áp dụng cả ngày lễ","190k, 08:00–11:00, T2–T6","210k, 20:00–24:00, T2–CN","210k, 09:00–11:00, T2–T6 — KHÔNG áp dụng ngày lễ",D,"Happy Hour Sáng Q2: 210k, 09:00–11:00, T2–T6, không áp dụng cho ngày lễ. (190k/08:00–11:00 là của Quận 7.)"
12,"Nghỉ dưỡng Quận 2 — T7,T8/2026",Q2,Happy Hour Tối tại Quận 2 giá bao nhiêu?,"150k, 19:00–24:00, T2–CN","139k, 21:00–24:00, T2–CN","210k, 20:00–24:00, T7–CN","170k, 20:00–24:00, T2–CN",D,"Happy Hour Tối Q2: 170k, 20:00–24:00, T2–CN. (150k/19:00–24:00 là Quận 7; 139k/21:00–24:00 là ưu đãi tối Q2.)"
13,"Nghỉ dưỡng Quận 2 — T7,T8/2026",Q2,Ca HSSV nào bắt buộc phải đi nhóm từ 2 người trở lên?,Ca chiều/tối 12:00–24:00,Không ca nào bắt buộc,Cả hai ca,Ca sáng 09:00–11:00,D,Chỉ ca sáng 09:00–11:00 yêu cầu nhóm từ 2 HSSV trở lên; ca chiều/tối 12:00–24:00 áp dụng cho cả khách đi một mình.
14,"Nghỉ dưỡng Quận 2 — T7,T8/2026",Q2,Ưu đãi khách hàng nữ 150k và ưu đãi cuối tuần 210k có áp dụng vào ngày lễ không?,Cả hai đều KHÔNG áp dụng ngày lễ,Chỉ ưu đãi khách hàng nữ áp dụng ngày lễ,Cả hai đều áp dụng bình thường vào ngày lễ,Chỉ ưu đãi cuối tuần áp dụng ngày lễ,A,Cả ưu đãi khách hàng nữ 150k lẫn ưu đãi cuối tuần 210k đều KHÔNG áp dụng vào các ngày lễ.
15,"Nghỉ dưỡng Quận 2 — T7,T8/2026",Q2,Quận 2 có mấy nhóm Happy Hour và nhóm nào KHÔNG có ca tối?,3 nhóm (Nghỉ dưỡng · Bathhouse · Skin Care) — Bathhouse chỉ có ca sáng,3 nhóm — Skin Care chỉ có ca sáng,3 nhóm — cả ba đều có đủ sáng và tối,2 nhóm (Nghỉ dưỡng · Skin Care) — cả hai đều có ca tối,A,"Happy Hour Q2 gồm Nghỉ dưỡng, Bathhouse và Skin Care. Riêng Bathhouse chỉ có Happy Hour buổi sáng (09:00–11:00), không có ca tối."
16,"Nghỉ dưỡng Quận 2 — T7,T8/2026",Q2,Ca tối Happy Hour Nghỉ dưỡng và Skin Care tại Quận 2 bắt đầu lúc mấy giờ?,Cả hai đều 20:00,Nghỉ dưỡng 20:00 · Skin Care 18:00,Nghỉ dưỡng 18:00 · Skin Care 20:00,Cả hai đều 19:00,B,"Hai mốc khác nhau và rất dễ nhầm: Happy Hour Nghỉ dưỡng ca tối 20:00–24:00, còn Skin Care ca tối 18:00–24:00."
17,"Nghỉ dưỡng Quận 2 — T7,T8/2026",Q2,Giá Happy Hour Bathhouse tại Quận 2 cho người lớn và trẻ em là bao nhiêu?,175k và 85k,240k và 120k,210k và 140k,190k và 95k,D,"Happy Hour Bathhouse Q2 (T2–T6, 09:00–11:00): người lớn 190k, trẻ em 95k. Giá Bathhouse thường là 240k / 120k."
18,"Lễ 2/9 & Nghỉ dưỡng Q2 — T9,T10/2026",Q2,Ưu đãi Lễ 2/9 tại Quận 2 có giá bao nhiêu?,139k,210k,150k,125k,B,Ưu đãi lễ 2/9 Q2: 210k cho tất cả khách cao trên 1m2.
19,"Lễ 2/9 & Nghỉ dưỡng Q2 — T9,T10/2026",Q2,Khung giờ áp dụng ưu đãi Lễ 2/9 tại Quận 2?,09:00–10:30 và 16:00–20:00,Cả ngày 09:00–24:00,09:00–10:30 và 18:00–20:00,08:00–11:00 và 16:00–19:00,C,Q2 lễ 2/9: 09:00–10:30 và 18:00–20:00. (08:00–11:00 & 16:00–19:00 là của Quận 7.)
20,"Lễ 2/9 & Nghỉ dưỡng Q2 — T9,T10/2026",Q2,Điều kiện mạng xã hội của ưu đãi Lễ 2/9?,Không yêu cầu,Bắt buộc cả ba,Like & share Facebook HOẶC review Google HOẶC follow TikTok,Chỉ review Google,C,"Chỉ cần một trong ba: Like & share FB, review Google, hoặc follow TikTok."
21,"Lễ 2/9 & Nghỉ dưỡng Q2 — T9,T10/2026",Q2,Ưu đãi Lễ 2/9 kéo dài bao nhiêu ngày và từ ngày nào?,"5 ngày, 01/09 ~ 05/09/2026","3 ngày, 31/08 ~ 02/09/2026","2 ngày, 01–02/09/2026","5 ngày, 29/08 ~ 02/09/2026",D,"29/08 ~ 02/09/2026, tổng 5 ngày (T7 ~ T4)."
22,"Lễ 2/9 & Nghỉ dưỡng Q2 — T9,T10/2026",Q2,"Trong 5 ngày lễ 29/8 ~ 02/09, những ưu đãi nào VẪN được áp dụng?",Ưu đãi khách hàng nữ 150k và ưu đãi cuối tuần 210k,Toàn bộ ưu đãi đều áp dụng bình thường,"Ưu đãi tối 139k, Combo Nam & Nữ 235k và Combo Nữ (ND + Honey skin care) 455k",Chỉ ưu đãi tối 139k và Combo Nam & Nữ 235k,C,"Có 3 ưu đãi áp dụng trong dịp lễ: ưu đãi tối 139k (21:00–24:00), Combo Nam & Nữ 235k (sau 20:00) và Combo Nữ 455k (T7–CN, 09:00–22:00). Tất cả gói còn lại đều không áp dụng."
23,"Lễ 2/9 & Nghỉ dưỡng Q2 — T9,T10/2026",Q2,"Ưu đãi khách hàng nữ kỳ T9,T10 áp dụng trong thời gian nào?",05/09 – 01/11/2026,"29/08 – 01/11/2026, áp dụng lễ","03/09 – 30/10/2026, không áp dụng lễ 29/8–02/09","01/09 – 31/10/2026, áp dụng lễ",C,"Khách hàng nữ 150k: 03/09–30/10/2026, không áp dụng lễ 29/8–02/09."
24,"Lễ 2/9 & Nghỉ dưỡng Q2 — T9,T10/2026",Q2,"Ưu đãi cuối tuần 210k kỳ T9,T10 bắt đầu từ ngày nào?",01/09/2026,29/08/2026,05/09/2026,03/09/2026,C,Ưu đãi cuối tuần: 05/09 – 01/11/2026 (bắt đầu từ thứ 7 đầu tiên sau lễ).
25,"Lễ 2/9 & Nghỉ dưỡng Q2 — T9,T10/2026",Q2,"Ưu đãi U60+ có thay đổi gì giữa kỳ T7,T8 và T9,T10?",Tăng lên 139k,Đổi giờ thành 09:00–22:00,"Không đổi — 125k, 09:00–24:00, T2–T6, 04/05–31/12, không áp dụng lễ",Bỏ phần tặng trứng nướng,C,U60+ giữ nguyên toàn bộ điều kiện xuyên suốt từ 04/05 đến 31/12/2026.
26,"Lễ 2/9 & Nghỉ dưỡng Q2 — T9,T10/2026",Q2,Ca HSSV 12:00–24:00 có thời gian áp dụng đến khi nào?,31/08/2026,01/11/2026,30/10/2026,31/12/2026,D,Ca HSSV chiều/tối 125k áp dụng 01/04 ~ 31/12/2026; chỉ ca sáng mới bị giới hạn theo kỳ.
27,"Lễ 2/9 & Nghỉ dưỡng Q2 — T9,T10/2026",Q2,Combo Nữ (Nghỉ dưỡng + Honey skin care) 455k áp dụng trong thời gian nào và có áp dụng lễ không?,"29/8 – 01/11, ÁP DỤNG lễ 29/8–02/09",Chỉ áp dụng trong 5 ngày lễ,"05/09 – 01/11, KHÔNG áp dụng lễ","03/09 – 30/10, KHÔNG áp dụng lễ",A,"Combo Nữ 455k (T7–CN, 09:00–22:00) chạy từ 29/8 đến 01/11 và CÓ áp dụng trong dịp lễ 29/8–02/09."
28,Golden Kitchen & Aqua Garden Cafe,Q2,Combo HSSV nào tại Golden Kitchen dành cho 02 người?,Combo 1 và Combo 2,Tất cả 4 combo,Combo 3 và Combo 4,Chỉ Combo 4,C,"Combo 1, 2 dành cho 01 người; Combo 3, 4 dành cho 02 người."
29,Golden Kitchen & Aqua Garden Cafe,Q2,Combo 3 gồm những món nào?,"Miến xào hải sản, Gà rán HQ","Pad Thái, Pizza phô mai, Gà rán HQ, Bắp phủ phô mai","Mì đen, Cơm cuộn, Bánh gạo cay, Lasagna","Mỳ Ý hải sản, Bánh gạo cay",B,"Combo 3 (02 người): Pad Thái, Pizza phô mai, Gà rán HQ, Bắp phủ phô mai."
30,Golden Kitchen & Aqua Garden Cafe,Q2,Điều kiện bắt buộc để được giá combo HSSV tại Golden Kitchen là gì?,Chỉ cần review Google,Chỉ cần đi từ 2 người,Chỉ cần có thẻ HSSV,Phải mua vé Nghỉ dưỡng Healing World trong cùng ngày và xuất trình thẻ HS/SV,D,"Ưu đãi chỉ áp dụng cho HSSV mua vé nghỉ dưỡng cùng ngày, kèm thẻ HS/SV (hoặc bill nghỉ dưỡng HSSV 125k với học sinh)."
31,Golden Kitchen & Aqua Garden Cafe,Q2,Một nhóm 4 sinh viên chỉ mang được 2 thẻ sinh viên. Bao nhiêu khách được hưởng giá combo HSSV?,4 khách — chỉ cần 1 thẻ đại diện,2 khách — mỗi thẻ áp dụng cho 01 khách hàng,3 khách,0 khách — phải đủ thẻ cho cả nhóm,B,Lưu ý ghi rõ: mỗi thẻ sinh viên/học sinh áp dụng cho 01 khách hàng.
32,Golden Kitchen & Aqua Garden Cafe,Q2,Combo HSSV Golden Kitchen áp dụng vào những ngày nào?,"T7–CN, 10:00–22:00","T2–T6, 10:00–22:00, không áp dụng ngày lễ",Chỉ ngày lễ,"T2–CN, cả ngày, áp dụng lễ tết",B,"T2–T6, 10:00–22:00, từ 01/04–31/12/2026, không áp dụng các ngày lễ."
33,Golden Kitchen & Aqua Garden Cafe,Q2,Voucher trúng thưởng từ Game vòng quay may mắn tối đa được dùng bao nhiêu cho một bill?,100k / 1 bill,Không giới hạn,200k / 1 bill,300k / 1 bill,C,Voucher tối đa sử dụng cho một lần là 200k/1 bill.
34,Golden Kitchen & Aqua Garden Cafe,Q2,Voucher vòng quay may mắn có hiệu lực khi nào và hạn sử dụng bao lâu?,"Có hiệu lực sau 1 ngày, HSD 03 tháng","Dùng được ngay, HSD 01 tháng","Dùng được ngay, không giới hạn HSD","Có hiệu lực sau 1 ngày phát hành, HSD 01 tháng kể từ ngày nhận giải",D,Voucher có hiệu lực sau 1 ngày phát hành và HSD 01 tháng kể từ ngày nhận giải.
35,Golden Kitchen & Aqua Garden Cafe,Q2,Nhận định nào SAI về voucher vòng quay may mắn?,Voucher áp dụng cho tất cả dịch vụ tại Golden Lotus,Voucher có thể quy đổi ra tiền mặt,Không giới hạn số bill sử dụng voucher trong ngày,Không cấp phát lại nếu mất hoặc rách,B,Voucher KHÔNG có giá trị quy đổi ra tiền mặt.
36,Golden Kitchen & Aqua Garden Cafe,Q2,Các mệnh giá voucher vòng quay may mắn gồm những mức nào?,"50k, 150k, 250k, 350k","50k, 100k, 150k, 200k, 300k","50k, 100k, 200k, 500k","100k, 200k, 300k",B,"5 mệnh giá: 50k, 100k, 150k, 200k, 300k."
37,Golden Kitchen & Aqua Garden Cafe,Q2,Điều kiện để được tặng bánh Pizza sinh nhật tại Golden Kitchen?,"Đặt bàn từ 3 người, không cần đặt trước",Có thẻ Beauty Passport,Bill từ 300k trở lên,Đặt tiệc bàn từ 5 người trở lên và đặt trước 1 ngày,D,Đặt tiệc sinh nhật bàn từ 5 người trở lên tại Golden Kitchen và đặt bàn trước 1 ngày; xác nhận tên để lên bánh pizza.
38,Golden Kitchen & Aqua Garden Cafe,Q2,"Chương trình tặng bánh Pizza sinh nhật có áp dụng ngày lễ, tết không?",Chỉ áp dụng ngày thường T2–T6,"Không áp dụng lễ, tết","Có — ÁP DỤNG lễ, tết",Chỉ áp dụng Tết Nguyên đán,C,"Chương trình 11/08 ~ 31/12/2026 ghi rõ ÁP DỤNG LỄ, TẾT."
39,Golden Kitchen & Aqua Garden Cafe,Q2,"Khách đang sử dụng dịch vụ tại Healing World mua 1 phần nước tại Aqua Garden Cafe, chưa review. Giá là bao nhiêu?",Miễn phí,50k,95k,30k,B,Khách Healing World: 50k. Nếu review Google đúng hướng dẫn thì còn 30k. Khách ngoài là 95k.
40,Golden Kitchen & Aqua Garden Cafe,Q2,Yêu cầu nào KHÔNG có trong hướng dẫn review Google của Aqua Garden Cafe?,Phải review bằng tài khoản của nhân viên Golden Lotus,Review bằng tài khoản cá nhân,Sử dụng 5G,Nội dung review kèm hình ảnh/video thực tế,A,"Yêu cầu là review bằng tài khoản cá nhân, dùng 5G, có nội dung + hình ảnh/video thực tế."
41,Golden Kitchen & Aqua Garden Cafe,Q2,"Trong hướng dẫn review, địa điểm nào là Ưu tiên 1 và giới hạn bao nhiêu review/ngày?",Healing Aqua Garden Cafe — 20–30 review/ngày,Golden Nail — 5 review/ngày,Golden Lotus Healing World — 20–30 review/ngày,Golden Lotus Healing World — không giới hạn,C,Ưu tiên 1 là Golden Lotus Healing World (20–30 review/ngày); ưu tiên 2 là Healing Aqua Garden Cafe (không giới hạn).
42,Golden Kitchen & Aqua Garden Cafe,Q2,Ưu đãi giảm giá của Aqua Garden Cafe áp dụng cho phần nào của hóa đơn?,Toàn bộ hóa đơn nếu trên 200k,Toàn bộ hóa đơn,Tối đa 2 phần nước,"Chỉ 1 phần nước hoặc 1 kem tuyết, không áp dụng tổng bill",D,"Giảm giá chỉ áp dụng cho 1 phần nước hoặc kem tuyết, không áp dụng cho tổng bill."
43,Golden Kitchen & Aqua Garden Cafe,Q2,Bill tối thiểu để khách được tham gia Game vòng quay may mắn là bao nhiêu?,100k,200k,300k,500k,B,"Điều kiện bill là từ 200k — đã được Ms Thanh xác nhận giữ nguyên, chỉ thay đổi vòng xoay."
44,Nail · Hair · Beauty Passport (Q2),Q2,"Dịch vụ Color, Style, Treatment tại Hair Q2 được giảm bao nhiêu và có cần booking không?","Giảm 30%, không cần booking trước","Giảm 50%, booking trước 1 ngày","Giảm 30%, booking trước 1 tiếng","Giảm 20%, không cần booking",A,"Color/Style/Treatment giảm 30%, không cần booking trước, T2–CN, 10:00–23:00 (last order 22h)."
45,Nail · Hair · Beauty Passport (Q2),Q2,Dịch vụ nào tại Hair yêu cầu booking trước 1 ngày để được giảm 50%?,Keratin Treatment và Collagen Treatment 3 step,"Color, Style",Sơn gel,Cắt tóc Nam + gội đầu,A,"Keratin Treatment / Collagen Treatment 3 step: booking trước 1 ngày, giảm 50%, T2–T6."
46,Nail · Hair · Beauty Passport (Q2),Q2,Giá cắt tóc Nam + gội đầu 10 phút và cắt tóc Nữ + gội đầu 10 phút lần lượt là?,70k và 150k,70k và 170k,100k và 150k,150k và 70k,A,"Nam 70k, Nữ 150k, áp dụng 10:00–12:00 và 19:00–23:00."
47,Nail · Hair · Beauty Passport (Q2),Q2,Khung giờ áp dụng giá cắt tóc + gội đầu 10 phút là gì?,Chỉ 19:00–23:00,10:00–16:00,Cả ngày 10:00–23:00,10:00–12:00 và 19:00–23:00,D,Hai ca: 10:00–12:00 và 19:00–23:00 (last order 22h).
48,Nail · Hair · Beauty Passport (Q2),Q2,Dịch vụ Art Design (tay/chân) được giảm bao nhiêu và vào ngày nào?,"Giảm 20%, T7–CN","Giảm 30%, T2–CN","Giảm 50%, T2–T6","Giảm 50%, T2–CN",C,"Art Design tay/chân giảm 50%, áp dụng T2–T6."
49,Nail · Hair · Beauty Passport (Q2),Q2,Sơn gel cho HSSV được giảm 50% với điều kiện gì?,Phải mua vé nghỉ dưỡng,Chỉ cần thẻ HSSV,Thẻ HS/SV hợp lệ (hoặc đồng phục + CCCD) và Review Google Maps,Chỉ cần review Google Maps,C,Điều kiện gồm giấy tờ HS/SV hợp lệ và Review Google Maps.
50,Nail · Hair · Beauty Passport (Q2),Q2,Khách review Google Maps cho Golden Nail được nhận gì?,1 voucher 100k dùng ngay,"1 voucher Nghỉ dưỡng, chỉ áp dụng check-in sau 19:00",1 phần trứng nướng,Giảm 50% dịch vụ nail,B,"Tặng 1 voucher Nghỉ dưỡng, áp dụng check-in sau 19:00, HSD 1 tháng."
51,Nail · Hair · Beauty Passport (Q2),Q2,Voucher nghỉ dưỡng từ chương trình review Golden Nail có được dùng ngay trong ngày không?,"Có, nếu check-in trước 19:00",Không — voucher không áp dụng liền trong ngày,"Có, dùng ngay được",Chỉ dùng được sau 1 tháng,B,Quy định ghi rõ: voucher không áp dụng liền trong ngày; HSD 1 tháng tính từ ngày review.
52,Nail · Hair · Beauty Passport (Q2),Q2,Chương trình review của Golden Nail giới hạn bao nhiêu review mỗi ngày?,10 review/ngày,5 review/ngày,Không giới hạn,20–30 review/ngày,B,Golden Nail: mỗi ngày 5 review. (20–30 review/ngày là của Golden Lotus Healing World trong chương trình Aqua Garden.)
53,Nail · Hair · Beauty Passport (Q2),Q2,Thẻ Beauty Passport áp dụng cho hóa đơn từ mức nào trở lên?,Từ 500.000đ,Từ 300.000đ,Từ 200.000đ,Không có mức tối thiểu,C,Áp dụng cho hóa đơn thanh toán thực tế từ 200.000đ trở lên.
54,Nail · Hair · Beauty Passport (Q2),Q2,Mức tích lũy của Beauty Passport được tính như thế nào?,"10% trên giá trị thanh toán dịch vụ, không bao gồm VAT",10% trên tổng bill đã gồm VAT,20% trên giá trị dịch vụ,5% trên tổng bill,A,"Tích lũy 10% trên giá trị thanh toán dịch vụ, không bao gồm VAT."
55,Nail · Hair · Beauty Passport (Q2),Q2,Sau bao nhiêu lần tích lũy thì khách được trừ tổng giá trị tích lũy?,"Sau 02 lần, trừ vào lần thứ 03","Sau 03 lần, trừ vào lần sử dụng dịch vụ thứ 04","Sau 05 lần, trừ vào lần thứ 06",Bất cứ lúc nào khách muốn,B,"Sau 03 lần tích lũy, tổng giá trị được trừ vào lần sử dụng dịch vụ thứ 04 (Nail/Hair)."
56,Nail · Hair · Beauty Passport (Q2),Q2,Thẻ Beauty Passport có hiệu lực bao lâu?,12 tháng kể từ ngày phát hành,Không giới hạn,06 tháng kể từ lần tích lũy đầu tiên,03 tháng kể từ lần tích lũy đầu tiên,C,Thẻ có hiệu lực 06 tháng kể từ lần tích lũy đầu tiên; quá hạn thẻ không còn giá trị.
57,Nail · Hair · Beauty Passport (Q2),Q2,Trường hợp nào KHÔNG được tích lũy Beauty Passport?,Khách đoàn dùng dịch vụ cá nhân,Voucher bán,Hóa đơn 250.000đ dịch vụ Hair,Hóa đơn sử dụng voucher review TikTok,D,"Không tích lũy với: hóa đơn dùng voucher review TikTok, nhân viên nội bộ, trường hợp chiết khấu/giảm đặc biệt, khi cộng dồn ưu đãi. Voucher bán và khách đoàn vẫn được tích."
58,Nail · Hair · Beauty Passport (Q2),Q2,Khách làm mất thẻ Beauty Passport thì xử lý thế nào?,Toàn bộ giá trị tích lũy không được bảo lưu,Được cấp lại thẻ mới giữ nguyên tích lũy,Được quy đổi ra tiền mặt,Được bảo lưu 50% giá trị,A,"Khách tự bảo quản thẻ; trường hợp mất thẻ, toàn bộ giá trị tích lũy sẽ không được bảo lưu."
59,Nail · Hair · Beauty Passport (Q2),Q2,Điểm tích lũy Beauty Passport có thể dùng cho dịch vụ nào?,Chỉ Nail & Hair tại Golden Lotus Healing World,Quy đổi thành tiền mặt,Tất cả dịch vụ tại Golden Lotus,"Nail, Hair và Golden Kitchen",A,"Điểm tích lũy không áp dụng cho dịch vụ khác ngoài Nail & Hair, và không quy đổi tiền mặt."
60,Nail · Hair · Beauty Passport (Q2),Q2,"Về ngày lễ, chương trình Hair và chương trình Nail/Sơn gel tại Quận 2 khác nhau thế nào?","Cả hai đều ÁP DỤNG lễ, đến 31/12/2026","Cả hai đều KHÔNG áp dụng lễ, đến 31/12/2026",Hair ÁP DỤNG lễ · Nail/Sơn gel KHÔNG áp dụng lễ (cả hai đến 31/12/2026),Hair KHÔNG áp dụng lễ · Nail/Sơn gel thì áp dụng,C,"Hai chương trình cùng chạy đến 31/12/2026: Hair ÁP DỤNG các ngày lễ, còn Nail / Sơn gel thì KHÔNG áp dụng lễ."
61,Body · Foot · Facial care & Gội đầu ráy tai (Q2),Q2,Combo Facial care 60' + Nghỉ dưỡng tại Q2 có giá bao nhiêu?,290k,455k,420k,235k,C,Combo Facial care 60' + Nghỉ dưỡng: 420k.
62,Body · Foot · Facial care & Gội đầu ráy tai (Q2),Q2,Điều kiện đặt Combo Facial care 60' + Nghỉ dưỡng là gì?,Không cần booking,Booking trước 1 ngày,Booking trước 2 tiếng,Booking trước ít nhất 1 giờ,D,Combo Facial care yêu cầu booking trước ít nhất 1 giờ.
63,Body · Foot · Facial care & Gội đầu ráy tai (Q2),Q2,Khung giờ Combo Facial care + Nghỉ dưỡng khác nhau thế nào giữa ngày thường và cuối tuần?,Cả tuần đều 09:00–23:00,T2–T6: 09:00–23:00 · T7–CN: 16:00–23:00,T2–T6: 16:00–23:00 · T7–CN: 09:00–23:00,Cả tuần đều 16:00–23:00,B,T2–T6 bắt đầu từ 09:00; T7–CN chỉ từ 16:00 trở đi.
64,Body · Foot · Facial care & Gội đầu ráy tai (Q2),Q2,Foot care và Body care 60' tại Q2 được giảm bao nhiêu %?,40%,20%,30%,50%,B,"Foot care / Body care 60' giảm 20%, áp dụng T2–T6, 10:00–23:00 (last order 21h30)."
65,Body · Foot · Facial care & Gội đầu ráy tai (Q2),Q2,Giá dịch vụ Ráy tai 30' sau khi giảm 40% là bao nhiêu?,252K,170K,298K,370K,B,Ráy tai 30' giảm 40% còn 170K.
66,Body · Foot · Facial care & Gội đầu ráy tai (Q2),Q2,Gội đầu ráy tai 90' sau giảm giá có giá bao nhiêu?,316K,370K,420K,298K,B,Gội đầu ráy tai 90' (giảm 40%) = 370K. Gói 60' là 298K.
67,Body · Foot · Facial care & Gội đầu ráy tai (Q2),Q2,Nhóm dịch vụ Gội đầu – Ráy tai yêu cầu booking như thế nào?,Booking trước 30 phút,Không cần booking,Booking trước 1 tiếng,Booking trước 1 ngày,C,Toàn bộ nhóm Gội đầu – Ráy tai yêu cầu booking trước 1 tiếng.
68,Body · Foot · Facial care & Gội đầu ráy tai (Q2),Q2,'Last order 22h' trong bảng giá có nghĩa là gì?,Chỉ nhận khách sau 22:00,Nhận đơn cuối lúc 22:00 dù dịch vụ mở đến 23:00,Đóng cửa lúc 22:00,Giảm giá đến 22:00,B,Dịch vụ mở 10:00–23:00 nhưng chỉ nhận order đến 22:00.
69,Body · Foot · Facial care & Gội đầu ráy tai (Q2),Q2,Hai khung Combo Facial care 60' + Nghỉ dưỡng (420k) tại Q2 khác nhau ở điểm nào ngoài giờ áp dụng?,Khung T2–T6 đến 30/10 KHÔNG áp dụng lễ · khung T7–CN đến 01/11 ÁP DỤNG lễ,Cả hai đều đến 01/11 và áp dụng lễ,Khung T2–T6 áp dụng lễ · khung T7–CN thì không,Cả hai đều đến 30/10 và không áp dụng lễ,A,Combo 420k khung 09:00–23:00 (T2–T6) chạy đến 30/10 và KHÔNG áp dụng lễ; khung 16:00–23:00 (T7–CN) chạy đến 01/11 và ÁP DỤNG lễ.
70,Body · Foot · Facial care & Gội đầu ráy tai (Q2),Q2,Dịch vụ nào sau đây KHÔNG cần booking trước?,Combo Facial care 60' + Nghỉ dưỡng,Sơn gel,Nhóm Gội đầu – Ráy tai,Cắt tóc + gội đầu 10 phút (Hair),D,"Không cần booking: Color/Style/Treatment (Hair) và cắt tóc + gội đầu 10 phút. Sơn gel, nhóm Gội đầu – Ráy tai và Combo Facial care đều cần booking trước 1 tiếng."
71,Body · Foot · Facial care & Gội đầu ráy tai (Q2),Q2,Last order của các dịch vụ care tại Quận 2 được tính như thế nào?,Tất cả đều last order lúc 21:00,Tất cả đều last order lúc 22:00,Theo thời lượng: 30 phút → 22:00 · 60 phút → 21:30 · 90 phút → 21:00,"Không có last order, nhận khách đến 23:00",C,"Cửa đóng lúc 23:00 nên last order lùi lại đúng bằng thời lượng: dịch vụ 30 phút nhận đến 22:00, 60 phút đến 21:30, 90 phút đến 21:00."
72,Chương trình Quận 1,Q1,Happy Hour Bathhouse Nam tại Quận 1 có giá bao nhiêu?,190k,210k,232k,176k,D,"Bathhouse Nam Q1: 176k, 09:00–12:00, T2–T6. (232k là Skin Care Nam.)"
73,Chương trình Quận 1,Q1,Happy Hour tại Quận 1 áp dụng khung giờ nào?,"09:00–11:00, T2–T6","09:00–12:00, T2–T6","09:00–12:00, T2–CN","08:00–11:00, T2–T6",B,"Q1: 09:00–12:00, T2–T6, chương trình thường niên, không áp dụng lễ tết."
74,Chương trình Quận 1,Q1,Giá Skin Care Nam trong Happy Hour Quận 1?,263k,176k,230k,232k,D,Skin Care Nam Q1: 232k.
75,Chương trình Quận 1,Q1,"Giá Facial care 60' tại Quận 1 thay đổi thế nào từ kỳ T7,T8 sang T9,T10/2026?",Giảm từ 263k xuống 230k,Giữ nguyên 230k,Tăng từ 230k lên 263k,Tăng từ 242k lên 298k,C,"Facial care 60' Q1: T7,T8 = 230k → T9,T10 = 263k."
76,Chương trình Quận 1,Q1,Những dịch vụ nào tại Quận 1 chỉ dành cho khách người Việt?,Chỉ Facial care 60',Tất cả dịch vụ care đều không giới hạn quốc tịch,Chỉ Body care 60' (no oil),Body care 60' (no oil) và Foot care 60',D,"Cả Body care 60' (no oil) và Foot care 60' đều ghi rõ: chỉ khách người Việt, booking trước 1h. Facial care 60' áp dụng cho tất cả khách hàng."
77,Chương trình Quận 1,Q1,Giá Foot care 60' và Body care 60' (no oil) tại Quận 1 lần lượt là?,230k và 263k,252k và 316k,242k và 298k,298k và 242k,C,Foot care 60' = 242k; Body care 60' (no oil) = 298k. (252k/316k là của Quận 7.)
78,Chương trình Quận 1,Q1,Ưu đãi sơn gel tại Nail Quận 1 là bao nhiêu và trong khung giờ nào?,"Giảm 30%, 10:00–23:00, T2–CN","Giảm 20%, 10:00–16:00, T2–T6","Giảm 50%, 10:00–16:00, T2–T6","Giảm 20%, cả ngày, T2–CN",B,"Nail Q1: sơn gel tay/chân (cắt da + sơn) và Design giảm 20%, 10h–16h, T2–T6."
79,Chương trình Quận 1,Q1,Khách review Google Maps tại Nail Quận 1 được tặng gì?,1 voucher nghỉ dưỡng,Giảm thêm 20%,1 trứng nướng,Miễn phí tháo gel hoặc tặng 'thêm 1 màu sơn' (1 ngón),D,Q1 tặng miễn phí tháo gel hoặc dịch vụ 'thêm 1 màu sơn' (1 ngón) — khác Q2 (tặng voucher nghỉ dưỡng).
80,Chương trình Quận 1,Q1,Chương trình review Google Maps tại Nail Quận 1 có áp dụng ngày lễ tết không?,Không áp dụng lễ tết,"Có — ÁP DỤNG các ngày lễ, tết, đến 31.12.2026",Chỉ áp dụng Tết Nguyên đán,"Chỉ T2–T6, không áp dụng lễ",B,"Chương trình review Q1 áp dụng T2–CN, đến 31.12.2026, ÁP DỤNG các ngày lễ, tết."
81,Chương trình Quận 1,Q1,"Tại Nail Quận 1, ưu đãi sơn gel 20% và chương trình review Google Maps khác nhau thế nào về ngày lễ?",Sơn gel 20% KHÔNG áp dụng lễ tết · chương trình review thì ÁP DỤNG lễ tết,Cả hai đều KHÔNG áp dụng lễ tết,Sơn gel 20% ÁP DỤNG lễ tết · chương trình review thì không,Cả hai đều ÁP DỤNG lễ tết,A,"Hai chương trình cùng chạy đến 31/12/2026 nhưng khác nhau: sơn gel/Design giảm 20% KHÔNG áp dụng lễ, tết; còn chương trình review Google Maps thì ÁP DỤNG lễ, tết."
82,Chương trình Quận 7,Q7,Giá vé HSSV tại Quận 7 là bao nhiêu?,130k,125k,150k,90k,D,"HSSV Q7: 90k (khác Q2 là 125k), kèm tặng thêm 1 trứng nướng."
83,Chương trình Quận 7,Q7,Khung giờ ưu đãi HSSV tại Quận 7?,09:00–24:00 liên tục,08:00–11:00,09:00–11:00 và 12:00–24:00,08:00–11:00 và 12:00–24:00,D,"Q7 bắt đầu sớm hơn Q2 một tiếng: 08:00–11:00 và 12:00–24:00, T2–T6."
84,Chương trình Quận 7,Q7,Điều kiện của ưu đãi 'Miễn phí cho BẠN GÁI nếu đi cùng bạn trai' tại Quận 7?,"Cặp đôi 18–40 tuổi, có CCCD","Cặp đôi bất kỳ độ tuổi, chỉ cần mặc áo đôi",Cặp đôi đã kết hôn,"Cặp đôi 15–35 tuổi, mặc áo đôi cùng màu có in hình/chữ giống nhau, mang CCCD",D,"Cặp đôi từ 15–35 tuổi, mặc áo đôi cùng màu có in hình hoặc chữ giống nhau, mang CCCD để chứng thực độ tuổi."
85,Chương trình Quận 7,Q7,"Trong ưu đãi cặp đôi tại Quận 7, bạn trai phải trả bao nhiêu?",130k,90k,Miễn phí cả hai,150k,D,"Giá vé bạn trai: 150k, bạn gái miễn phí, áp dụng sau 19:00, T2–CN."
86,Chương trình Quận 7,Q7,Ưu đãi miễn phí cho người lớn từ 60 tuổi tại Quận 7 yêu cầu gì?,"Phải có 1 người đi kèm từ 18 tuổi trở lên, vé người đi kèm 150k","Chỉ cần mang CCCD, đi một mình được",Phải đi cùng ít nhất 2 người,Phải là khách người Việt và có thẻ thành viên,A,"Miễn phí cho 1 người lớn ≥60 tuổi, bắt buộc có 1 người đi kèm ≥18 tuổi; vé người đi kèm 150k; CCCD của cả hai."
87,Chương trình Quận 7,Q7,Hai ưu đãi 'miễn phí' của Quận 7 (cặp đôi và người lớn U60) áp dụng khung giờ nào?,"Sau 19:00, T2–CN, không áp dụng lễ tết","Sau 21:00, T2–CN","Cả ngày, T2–T6","08:00–11:00, T2–T6",A,"Cả hai đều áp dụng sau 19:00, T2–CN, KHÔNG áp dụng các ngày lễ, tết."
88,Chương trình Quận 7,Q7,Ưu đãi tối tại Quận 7 có giá bao nhiêu?,139k,130k,150k,110k,B,"Ưu đãi tối Q7: 130k, 21:00–24:00, T2–CN. (Q2 là 139k.)"
89,Chương trình Quận 7,Q7,Happy Hour Sáng tại Quận 7 có lưu ý gì đặc biệt?,"190k, áp dụng cả tuần","210k, 09:00–11:00, T2–T6","190k, 08:00–11:00, không áp dụng T7, CN & lễ","150k, 19:00–24:00",C,"Happy Hour Sáng Q7: 190k, 08:00–11:00, T2–T6 — không áp dụng T7, CN và ngày lễ."
90,Chương trình Quận 7,Q7,Happy Hour Tối tại Quận 7 giá bao nhiêu và khung giờ nào?,"190k, 19:00–24:00, T2–T6","150k, 19:00–24:00, T2–CN","130k, 21:00–24:00, T2–CN","170k, 20:00–24:00, T2–CN",B,"Happy Hour Tối Q7: 150k, 19:00–24:00, T2–CN."
91,Chương trình Quận 7,Q7,Giá Foot Care 60' và Body Care no oil (đã giảm 20%) tại Quận 7?,230k và 263k,252k và 316k,252k và 298k,242k và 298k,B,"Q7: Foot Care 60' = 252k; Body Care no oil = 316k, áp dụng sau 19:00, T2–T6."
92,Chương trình Quận 7,Q7,Khung giờ ưu đãi Lễ 2/9 tại Quận 7 khác Quận 2 như thế nào?,Q7 áp dụng cả ngày,Q7: 09:00–10:30 & 18:00–20:00 · Q2: 08:00–11:00 & 16:00–19:00,Q7: 08:00–11:00 & 16:00–19:00 · Q2: 09:00–10:30 & 18:00–20:00,Hai chi nhánh giống nhau,C,Cùng giá 210k nhưng khung giờ khác nhau: Q7 sớm hơn (08:00–11:00 & 16:00–19:00).
93,Chương trình Quận 7,Q7,Ưu đãi tối 130k tại Quận 7 áp dụng đến khi nào và có áp dụng ngày lễ không?,"Đến 31/12, ÁP DỤNG lễ","Đến 31/12, KHÔNG áp dụng lễ","Đến 01/11, ÁP DỤNG lễ","Đến 30/10, KHÔNG áp dụng lễ",A,"Ưu đãi tối 130k (21:00–24:00, T2–CN) tại Q7 chạy đến 31/12 và ÁP DỤNG cả ngày lễ — khác với hai ưu đãi ""miễn phí"" của Q7 vốn không áp dụng lễ, tết."
94,Chương trình Quận 7,Q7,Vé HSSV 90k và Facial Care 60' tại Quận 7 áp dụng đến ngày nào?,"Đến 31/12, ÁP DỤNG lễ","Đến 01/11, KHÔNG áp dụng lễ","Đến 30/10, KHÔNG áp dụng lễ","Đến 30/9, ÁP DỤNG lễ",C,Cả vé HSSV 90k lẫn Facial Care 60' tại Q7 đều chạy đến 30/10 và KHÔNG áp dụng ngày lễ.
95,Chương trình Quận 7,Q7,Happy Hour tại Quận 7 mở sớm hơn Quận 2 như thế nào?,Q7: tất cả từ 08:00 · Q2: tất cả từ 10:00,"Q7: Bathhouse & Skin Care từ 07:00, Nghỉ dưỡng từ 08:00 · Q2 đều từ 09:00",Q7 mở muộn hơn Q2 một tiếng,Hai chi nhánh mở cùng giờ,B,"Q7 mở Happy Hour sớm hơn: Bathhouse và Skin Care từ 07:00, Nghỉ dưỡng từ 08:00. Quận 2 cả ba nhóm đều bắt đầu 09:00."
96,Chương trình Quận 7,Q7,Giá Happy Hour Nghỉ dưỡng tại Quận 7 cho trẻ em là bao nhiêu?,115k cho cả ca sáng lẫn ca tối,Trẻ em không được áp dụng Happy Hour,140k cho cả hai ca,115k ca sáng và 85k ca tối,A,Trẻ em Q7 là 115k ở cả ca sáng (08:00–11:00) lẫn ca tối (19:00–24:00). Người lớn thì khác nhau: 190k sáng và 150k tối.
97,Chương trình Quận 7,Q7,Giá menu Skin Care (Peeling Skin) tại Quận 7 cho Nam và Nữ là bao nhiêu?,Nam 235k / 30 phút · Nữ 280k / 45 phút,Cả hai đều 290k / 30 phút,Nam 350k / 45 phút · Nữ 290k / 30 phút,Nam 290k / 30 phút · Nữ 350k / 45 phút,D,"Giá menu: Skin Care Nam 290k (30 phút), Nữ 350k (45 phút), Trẻ em 195k. Còn 235k/280k là giá Happy Hour, không phải giá menu."
98,Chương trình Quận 7,Q7,Trẻ em được tính theo tiêu chí nào và khi nào thì miễn phí?,"Theo chiều cao: dưới 1,2m đều miễn phí",Theo tuổi: dưới 12 tuổi tính giá trẻ em · dưới 3 tuổi miễn phí,"Theo chiều cao: 0,8m–1,2m tính giá trẻ em · dưới 0,8m miễn phí",Theo tuổi: dưới 6 tuổi miễn phí,C,"Trẻ em tính theo chiều cao 0,8m–1,2m; dưới 0,8m (Baby) miễn phí. Mọi trường hợp đều phải có người lớn đi kèm."
99,Chương trình Quận 7,Q7,Giá trên menu của Golden Lotus đã bao gồm VAT chưa?,Chưa — menu ghi rõ giá chưa bao gồm VAT,Chỉ giá Skin Care mới chưa gồm VAT,Chỉ giá Happy Hour mới chưa gồm VAT,Rồi — đã gồm VAT,A,"Cuối menu ghi rõ: ""Giá trên menu chưa bao gồm VAT / The above price does not include VAT"". Cần lưu ý khi báo giá cho khách."
100,Chương trình Quận 7,Q7,Dịch vụ Honey Skin Care (Nữ) tại Quận 7 gồm những gì và giá bao nhiêu?,350k / 45 phút — chỉ có body scrub,290k / 30 phút — scrub + wrap,"450k / 50 phút — chỉ có wrap, không kèm xông nhiệt",450k / 50 phút — body scrub + wrap (chọn 1) + xông nhiệt 20 phút miễn phí,D,"Honey Skin Care (Lady Only): 450k, 50 phút, gồm body scrub (bắp / hạt sen / sữa muối), wrap chọn 1 trong 3 (cà phê / nghệ / dừa mật ong) và xông nhiệt 20 phút miễn phí."
101,Nội quy Healing World,Chung,Thời gian tối đa được khuyến cáo cho mỗi lượt sử dụng phòng Nhiệt Nóng/Lạnh là bao lâu?,Không giới hạn,30 phút,45 phút,15 phút,B,Điều 13: sử dụng phòng Nhiệt Nóng/Lạnh tối đa 30 phút mỗi lượt.
102,Nội quy Healing World,Chung,Khách làm mất chìa khóa tủ phải bồi hoàn bao nhiêu?,300.000 VNĐ,100.000 VNĐ,500.000 VNĐ,200.000 VNĐ,A,"Điều 20: chìa khóa mất, hỏng hoặc không tìm thấy phải bồi hoàn 300.000 VNĐ."
103,Nội quy Healing World,Chung,Khách được mang gì vào khu vực tắm?,Chỉ khăn tắm,Áo thun mỏng,Đồ lót và khăn tắm,Đồ bơi và khăn tắm,A,"Điều 12: không mang bất kỳ quần áo nào (đồ bơi, đồ lót, áo thun...) vào khu vực tắm, chỉ được mang khăn tắm."
104,Nội quy Healing World,Chung,Vật gì KHÔNG được mang vào phòng Nhiệt Nóng/Lạnh?,Khăn tắm,"Đồ ăn, thức uống và điện thoại di động",Chỉ điện thoại,Chỉ đồ ăn,B,"Điều 5: không mang đồ ăn, thức uống và điện thoại di động vào phòng Nhiệt Nóng/Lạnh."
105,Nội quy Healing World,Chung,Khách vi phạm nội quy và đã được nhắc nhở từ mấy lần thì Healing World có quyền từ chối phục vụ?,Ngay lần đầu tiên,"Từ 03 lần trở lên, không hoàn trả phí đã thanh toán","Từ 02 lần trở lên, hoàn 50% phí",Từ 05 lần trở lên,B,"Điều 24: vi phạm và đã được nhắc nhở từ 03 lần trở lên, Healing World có quyền từ chối phục vụ và không hoàn trả các khoản phí."
106,Nội quy Healing World,Chung,Khách gọi món từ nhà hàng lên khu vực nào là KHÔNG được phép?,Khu Board Game lầu 2,Phòng Karaoke lầu 3,Khu check-in lầu 3,Sảnh thư giãn chung (Healing zone – Lầu 2),D,Điều 11: không gọi món ăn nhà hàng lên khu vực Sảnh thư giãn chung (Healing zone – Lầu 2).
107,Nội quy Healing World,Chung,Khách đã uống rượu bia đến Healing World thì xử lý thế nào?,Vẫn phục vụ nhưng không cho vào phòng nhiệt,Từ chối phục vụ,Phục vụ bình thường,Yêu cầu ký cam kết rồi phục vụ,B,Điều 14: Golden Lotus Healing World từ chối phục vụ khách đã sử dụng đồ uống có cồn hoặc chất kích thích.
108,Nội quy Healing World,Chung,"Quy định về chụp hình, quay phim tại Healing World?","Chỉ cấm quay phim, được chụp hình",Được chụp ở mọi nơi,"Không được chụp hình, quay phim trong khu vực phòng tắm và phòng thay đồ",Cấm chụp hình toàn bộ khuôn viên,C,Điều 6: cấm chụp hình và quay phim trong khu vực phòng tắm và phòng thay đồ.
109,Nội quy Healing World,Chung,"Khách bị mất tiền, điện thoại do bất cẩn thì Healing World xử lý ra sao?",Không hỗ trợ gì,Bồi thường toàn bộ giá trị,Hỗ trợ tìm kiếm theo khả năng nhưng không bồi thường,Bồi thường 50% giá trị,C,"Điều 18: hỗ trợ giúp đỡ tìm kiếm theo khả năng, nhưng không chịu trách nhiệm đền bù."
110,Nội quy Healing World,Chung,Quy định về việc cởi áo trong khuôn viên Golden Lotus Healing World?,Chỉ cấm ở khu nhà hàng,Không được cởi áo trong toàn bộ khuôn viên và mặt tiền,Được phép ở khu vực lầu 2,Chỉ cấm ở khu vực check-in,B,Điều 7: không được cởi áo trong toàn bộ khuôn viên và mặt tiền Golden Lotus Healing World.
111,Nội quy Healing World,Chung,Khách có hình xăm như thế nào được yêu cầu không vào Healing World?,Hình xăm lớn hơn 10cm,Hình xăm trên mặt,Mọi hình xăm,"Hình xăm phản cảm, mang tính chất bạo lực",D,"Điều 15: khách có hình xăm phản cảm, mang tính chất bạo lực vui lòng không vào Healing World."
112,Nội quy Healing World,Chung,Quy định về điện thoại tại sảnh thư giãn chung?,"Để chế độ rung, không nói lớn tiếng",Chỉ dùng khi có tai nghe,Cấm mang điện thoại,Được sử dụng bình thường,A,"Điều 2: để điện thoại chế độ rung, không nói lớn tiếng gây ồn ào."
113,Từ cấm & Từ thay thế,Chung,Từ thay thế cho 'Massage' là gì?,Healing care,Relax service,Skin care,Body care / Foot care / Facial,D,"Massage → Body care, Foot care, Facial."
114,Từ cấm & Từ thay thế,Chung,Từ thay thế cho 'Sauna' là gì?,Phòng nhiệt nóng/lạnh,Healing zone,Steam room,Bathhouse,D,Sauna → Bathhouse.
115,Từ cấm & Từ thay thế,Chung,'Jjim Jil Bang' và 'Xông hơi' phải được gọi là gì?,Healing zone,Bathhouse,Dịch vụ Nghỉ dưỡng Healing World,Phòng chức năng,C,Cả hai từ đều thay bằng 'Dịch vụ Nghỉ dưỡng Healing World'.
116,Từ cấm & Từ thay thế,Chung,'Phòng xông' phải gọi thay bằng gì?,Phòng nhiệt nóng/lạnh hoặc Phòng chức năng,Bathhouse,Healing room,Sauna room,A,"Phòng xông → Phòng nhiệt nóng/lạnh, hoặc Phòng chức năng."
117,Từ cấm & Từ thay thế,Chung,"Thay vì nói 'Spa Quận 2', nhân viên phải dùng cách gọi nào?",Healing Spa Center,Bathhouse Quận 2,Golden Lotus Spa Q2,Khu phức hợp Healing World / Healing World Q2 (tiếng Anh: All-in-one Healing World Center),D,Spa Quận 2 → Khu phức hợp Healing World hoặc Healing World Q2; tiếng Anh: All-in-one Healing World Center.
118,Từ cấm & Từ thay thế,Chung,'Chà da' và 'Body Scrub' lần lượt được thay thế bằng?,Skin care và Body care,Skin care/Peeling Skin và Honey skin care,Peeling Skin và Body care,Honey skin care và Skin care,B,Chà da → Skin care / Peeling Skin. Body Scrub → Honey skin care.
119,Từ cấm & Từ thay thế,Chung,'Karaoke' phải được gọi là gì?,Sing zone,Music Box,Karaoke room,Entertainment Box,B,Karaoke → Music Box.
120,Từ cấm & Từ thay thế,Chung,'Study cafe' được thay thế bằng từ nào?,Healing cafe,Aqua Garden Cafe,Fish cafe,Coworking cafe,D,Study cafe → Coworking cafe.
121,Từ cấm & Từ thay thế,Chung,Từ nào sau đây KHÔNG nằm trong danh sách từ cấm?,Sauna,Body Scrub,Bathhouse,Massage,C,"Bathhouse chính là từ THAY THẾ cho Sauna, không phải từ cấm."
122,Khu vực & Hoạt động miễn phí (Q2),Q2,Public Bathhouse nằm ở tầng nào tại Quận 2?,Lầu 2,Lầu 3,Tầng trệt,Lầu 1,D,Lầu 1: Public Bathhouse và Snack bar.
123,Khu vực & Hoạt động miễn phí (Q2),Q2,Khu Board Game và Relax zone nằm ở tầng nào?,Lầu 1,Lầu 2,Lầu 2 và 3,Lầu 3,B,"Lầu 2: các phòng nhiệt chuyên đề, Board Game, Khu thư giãn (Relax zone) và Kid zone."
124,Khu vực & Hoạt động miễn phí (Q2),Q2,Khu vực nào KHÔNG nằm ở Lầu 3?,Khu check-in / chụp hình,Public Bathhouse,Cafe cá (Fish Cafe),Carnival Game,B,Public Bathhouse ở Lầu 1; ba khu còn lại đều ở Lầu 3.
125,Khu vực & Hoạt động miễn phí (Q2),Q2,Lớp Gym miễn phí có bao nhiêu ca mỗi ngày và áp dụng vào những ngày nào?,"9 ca, chỉ T2–T6","6 ca, T2–T6","9 ca, T2–CN nhưng nghỉ thứ 3 hằng tuần","9 ca, T2–CN không nghỉ ngày nào",C,"Gym: 9 ca từ 10:00 đến 20:30, áp dụng T2–CN nhưng NGHỈ thứ 3 hằng tuần."
126,Khu vực & Hoạt động miễn phí (Q2),Q2,Lớp Yoga miễn phí có mấy ca vào T2–T6 và mấy ca vào T7–CN?,6 ca và 6 ca,9 ca và 4 ca,6 ca và 4 ca,4 ca và 6 ca,C,"Yoga: T2–T6 có 6 ca, T7–CN có 4 ca."
127,Khu vực & Hoạt động miễn phí (Q2),Q2,Ca Gym đầu tiên và ca cuối cùng trong ngày là khung giờ nào?,09:00–10:00 và 20:00–21:00,10:30–11:30 và 20:50–21:20,10:00–11:00 và 19:30–20:30,11:00–12:00 và 19:00–20:00,C,Ca 1: 10:00–11:00; Ca 9: 19:30–20:30.
128,Khu vực & Hoạt động miễn phí (Q2),Q2,Dịch vụ nào KHÔNG nằm trong giá vé nghỉ dưỡng?,"Ăn uống, Body/Foot/Facial care, Nail, Hair, peeling skin, honey skin care và mua xu chơi game",Các phòng nhiệt nóng/lạnh và hồ ngâm chân,"Gym, Yoga và Dance",Xem phim và board game,A,"Vé nghỉ dưỡng gồm tắm, phòng nhiệt, gym/yoga/dance, khu game, xem phim, hồ ngâm chân, board game, relax zone. KHÔNG gồm: ăn uống, Body/Foot/Facial care, Nail, Hair, peeling skin, honey skin care và tiền mua xu chơi game."
129,Khu vực & Hoạt động miễn phí (Q2),Q2,Lớp Dance miễn phí vào T7–CN có ca đầu tiên lúc mấy giờ?,12:40,18:00,13:20,15:10,A,Dance T7–CN: Ca 1 lúc 12:40–13:10. (15:10 là ca 1 của T2–T6.)
130,Khu vực & Hoạt động miễn phí (Q2),Q2,Lớp Gym miễn phí tại Quận 2 nghỉ vào ngày nào trong tuần?,Chủ nhật hằng tuần,Thứ 3 hằng tuần,Thứ 2 hằng tuần,Không nghỉ ngày nào,B,"Gym chạy T2–CN với 9 ca/ngày, riêng thứ 3 hằng tuần nghỉ."
131,Khu vực & Hoạt động miễn phí (Q2),Q2,Khách vào khu game bằng vé nghỉ dưỡng thì có phải trả thêm tiền gì không?,Không — vé nghỉ dưỡng đã bao gồm cả xu chơi game,Có — vào khu game thì miễn phí nhưng phải mua xu để chơi,Có — phải mua vé vào khu game riêng,"Không, nhưng chỉ được chơi tối đa 3 ca mỗi ngày",B,"Khu game nằm trong vé nghỉ dưỡng, nhưng tiền mua xu để chơi game thì KHÔNG bao gồm — khách phải trả thêm."
132,Khu vực & Hoạt động miễn phí (Q2),Q2,Peeling skin và honey skin care có nằm trong giá vé nghỉ dưỡng không?,Có — cả hai đều miễn phí kèm vé,Không — cả hai đều là dịch vụ tính phí riêng,Chỉ honey skin care được miễn phí,Chỉ peeling skin được miễn phí,B,"Peeling skin và honey skin care nằm trong nhóm KHÔNG bao gồm, cùng với ăn uống, Body/Foot/Facial care, Nail, Hair và tiền mua xu chơi game."
133,Khu vực & Hoạt động miễn phí (Q2),Q2,Snack bar và Kid zone lần lượt nằm ở tầng nào tại Quận 2?,Snack bar ở Lầu 1 · Kid zone ở Lầu 2,Snack bar ở Lầu 2 · Kid zone ở Lầu 3,Cả hai đều ở Lầu 1,Cả hai đều ở Lầu 3,A,"Lầu 1 có Public Bathhouse và Snack bar; Lầu 2 có phòng nhiệt chuyên đề, Board Game, Relax zone và Kid zone."
134,Khu vực & Hoạt động miễn phí (Q2),Q2,Gym và phòng thuốc bắc nằm ở tầng nào?,Lầu 3,Lầu 2,"Gym ở Lầu 2, phòng thuốc bắc ở Lầu 3",Lầu 1,A,"Cả Gym lẫn phòng thuốc bắc đều ở Lầu 3, cùng khu với Carnival Game, Music Box, Dance/Yoga, Mini Game (motion game), Cafe cá và khu check-in."
135,So sánh & Thay đổi giữa các kỳ,Tổng hợp,"Giá vé HSSV ca sáng tại Quận 2 đã thay đổi thế nào từ kỳ T5,T6 sang T7,T8/2026?",Từ 125k xuống 90k,Từ 90k lên 125k,Giữ nguyên 125k,Từ 110k lên 139k,B,"Kỳ T5,T6 ca sáng HSSV là 90k; từ T7,T8 nâng lên 125k, đồng nhất với ca chiều/tối."
136,So sánh & Thay đổi giữa các kỳ,Tổng hợp,"Ưu đãi tối tại Quận 2 thay đổi ra sao giữa T5,T6 và T7,T8/2026?",Giữ nguyên 139k,Từ 110k lên 139k,Từ 130k lên 150k,Từ 139k xuống 110k,B,"Ưu đãi tối 21:00–24:00: T5,T6 = 110k → T7,T8 trở đi = 139k."
137,So sánh & Thay đổi giữa các kỳ,Tổng hợp,"Điều kiện mạng xã hội của HSSV thay đổi thế nào giữa kỳ T5,T6 và các kỳ sau?",Từ 'TikTok VÀ Facebook' đổi thành 'TikTok HOẶC Facebook',Bỏ hoàn toàn điều kiện MXH,Từ 'HOẶC' đổi thành 'VÀ',Không thay đổi,A,"T5,T6 ghi 'Follow Tiktok và Like + share Facebook'; từ T7,T8 đổi thành 'HOẶC' — nới lỏng cho khách."
138,So sánh & Thay đổi giữa các kỳ,Tổng hợp,Chi nhánh nào KHÔNG có ưu đãi HSSV?,Quận 7,Quận 2,Cả ba đều có,Quận 1,D,"Quận 1 chỉ có Happy Hour Bathhouse Nam, nhóm care và Nail — không có ưu đãi HSSV hay U60+."
139,So sánh & Thay đổi giữa các kỳ,Tổng hợp,Vé HSSV tại Quận 2 và Quận 7 khác nhau bao nhiêu?,"Q2 là 125k, Q7 là 110k","Bằng nhau, đều 125k","Q2 là 125k, Q7 là 90k — chênh 35k","Q2 là 90k, Q7 là 125k",C,Q2: 125k (yêu cầu nhóm ≥2). Q7: 90k.
140,So sánh & Thay đổi giữa các kỳ,Tổng hợp,Ưu đãi U60+ ở Quận 2 và Quận 7 khác nhau như thế nào?,Hai nơi giống hệt nhau,Chỉ Q2 có ưu đãi cho khách U60,"Q7 bán vé 125k, Q2 miễn phí","Q2 bán vé 125k cả ngày; Q7 miễn phí nhưng phải có 1 người đi kèm ≥18 tuổi trả 150k, chỉ sau 19:00",D,"Q2: vé 125k, 09:00–24:00, T2–T6. Q7: miễn phí cho 1 người ≥60 tuổi kèm 1 người ≥18 tuổi trả 150k, sau 19:00, T2–CN."
141,So sánh & Thay đổi giữa các kỳ,Tổng hợp,"Ưu đãi nào sau đây ÁP DỤNG trong ngày lễ, tết?",Dịch vụ Hair Color/Style/Treatment giảm 30%,Combo HSSV Golden Kitchen,Happy Hour Sáng,Ưu đãi U60+ 125k,A,Hair (Color/Style/Treatment) ghi rõ 'ÁP DỤNG CHO CÁC NGÀY LỄ TẾT'; ba ưu đãi còn lại đều không áp dụng ngày lễ.
142,So sánh & Thay đổi giữa các kỳ,Tổng hợp,Nhóm ưu đãi nào KHÔNG áp dụng vào các ngày lễ?,Tiệc sinh nhật Golden Kitchen,Combo Nam & Nữ 235k,"U60+, HSSV, khách hàng nữ, Happy Hour Sáng",Ưu đãi tối 139k,C,"U60+, HSSV, khách nữ và Happy Hour Sáng đều ghi 'KHÔNG ÁP DỤNG CÁC NGÀY LỄ'."
143,So sánh & Thay đổi giữa các kỳ,Tổng hợp,Ưu đãi Lễ 2/9 tại Quận 2 và Quận 7 giống và khác nhau ở điểm nào?,"Khác giá, cùng khung giờ",Q7 không có ưu đãi lễ 2/9,Cùng giá và cùng khung giờ,Cùng giá 210k nhưng khác khung giờ,D,"Cùng 210k, cùng điều kiện MXH, nhưng Q2: 09:00–10:30 & 18:00–20:00; Q7: 08:00–11:00 & 16:00–19:00."
144,So sánh & Thay đổi giữa các kỳ,Tổng hợp,Happy Hour Sáng ở ba chi nhánh có giá lần lượt là bao nhiêu?,Q2: 176k · Q1: 190k · Q7: 210k,Q2: 190k · Q1: 210k · Q7: 176k,Cả ba đều 210k,Q2: 210k · Q1: 176k (Bathhouse Nam) · Q7: 190k,D,Q2: 210k (09:00–11:00) · Q1: 176k Bathhouse Nam (09:00–12:00) · Q7: 190k (08:00–11:00).
145,So sánh & Thay đổi giữa các kỳ,Tổng hợp,"Facial care 60' tại Quận 1 và Quận 7 kỳ T9,T10/2026 có giá bao nhiêu?","Q1 là 263k, Q7 là 230k",Cả hai đều 230k,"Q1 là 230k, Q7 là 263k",Cả hai đều 263k,D,"Cả hai chi nhánh đều tăng từ 230k (T7,T8) lên 263k (T9,T10)."
